[{
    "name": "Angularjs Training",
    "id":"1"
  },{
    "name": "AWS Training",
    "id":"2"
  },{
    "name": "Azure Training",
    "id":"3"
  },{
    "name":  "Blockchain Training",
    "id":"4"
  },{
    "name": "Data Science Online Training",
    "id":"5"
  },{
    "name": "Data Science Training",
    "id":"6"
  },{
    "name":  "DevOps Training",
    "id":"7"
  },{
    "name":  "ETL training",
    "id":"8"
  },{
    "name": "Hadoop Training",
    "id":"9"
  },{
    "name": "Java Training",
    "id":"10"
  },{
    "name": "Manual Testing training",
    "id":"11"
  },{
    "name": "Python Training",
    "id":"12"
  },{
    "name": "RPA training",
    "id":"13"
  },{
    "name": "Salesforce Online Training",
    "id":"14"
  },{
    "name": "Salesforce Training",
    "id":"15"
  },{
    "name":  "Selenium Online Training",
    "id":"16"
  },{
    "name": "Selenium Training",
    "id":"17"
  },{
    "name": "Spark Training",
    "id":"18"
  }
]