[
    {
    
    "course": "Python Training",
    "courseId": "Phython",
    "location": "Online",
    "image":"../assets/img/phython.jpg",
    "mode": "Online",
    "trainer": "Mr. Srinivas",
    "duration": "45 Hours",
    "fees": "10000"
    },
    {
      
      "course": "AWS Training",
      "location": "Online",
      "courseId": "AWS",
      "image":"../assets/img/aws.png",
      "mode": "Online",
      "time": "07:30 AM",
      "trainer": "Mr. Bhaskar",
      "duration": "45 Hours",
      "fees": "10000"
    },
    {
      
        "course": "DevOps Training",
        "location": "Online",
        "courseId": "DevOps",
        "image":"../assets/img/devops.jpg",
        "mode": "Online",
        "time": "07:30 AM",
        "trainer": "Mr. Bhaskar",
        "duration": "45 Hours",
        "fees": "10000"
      }
]